customer_id,recency,frequency,monetary,segment,segment_name
1004,8,12,3541.96,3,"Recente, Frequente, Alto Valor"
1005,30,10,2338.44,2,"Não Recente, Não Frequente, Baixo Valor"
1009,12,23,5999.75,1,"Recente, Frequente, Alto Valor"
1055,144,5,889.99,0,"Não Recente, Não Frequente, Baixo Valor"
1064,13,11,3441.24,3,"Recente, Frequente, Alto Valor"
1077,5,12,2972.77,3,"Recente, Frequente, Alto Valor"
1094,139,11,2723.43,0,"Não Recente, Não Frequente, Baixo Valor"
1098,9,9,2889.96,3,"Recente, Frequente, Alto Valor"
1117,118,8,2454.84,0,"Não Recente, Não Frequente, Baixo Valor"
1125,64,8,2518.2,2,"Não Recente, Não Frequente, Baixo Valor"
1126,12,6,1401.55,2,"Não Recente, Não Frequente, Baixo Valor"
1133,44,8,2438.29,2,"Não Recente, Não Frequente, Baixo Valor"
1137,85,5,1248.63,0,"Não Recente, Não Frequente, Baixo Valor"
1154,89,7,1260.81,0,"Não Recente, Não Frequente, Baixo Valor"
1161,24,11,2713.37,3,"Recente, Frequente, Alto Valor"
1189,41,14,4832.88,3,"Recente, Frequente, Alto Valor"
1190,12,7,1389.15,2,"Não Recente, Não Frequente, Baixo Valor"
1197,20,6,581.28,2,"Não Recente, Não Frequente, Baixo Valor"
1202,41,6,2069.09,2,"Não Recente, Não Frequente, Baixo Valor"
1206,40,14,4280.02,3,"Recente, Frequente, Alto Valor"
1224,81,5,1934.84,0,"Não Recente, Não Frequente, Baixo Valor"
1225,2,9,2919.06,3,"Recente, Frequente, Alto Valor"
1232,40,6,1197.72,2,"Não Recente, Não Frequente, Baixo Valor"
1235,35,12,3922.6,3,"Recente, Frequente, Alto Valor"
1249,27,14,4119.68,3,"Recente, Frequente, Alto Valor"
1255,12,11,3128.53,3,"Recente, Frequente, Alto Valor"
1260,34,13,3913.53,3,"Recente, Frequente, Alto Valor"
1262,48,10,2570.77,2,"Não Recente, Não Frequente, Baixo Valor"
1301,93,9,2472.4,0,"Não Recente, Não Frequente, Baixo Valor"
1302,51,10,3225.99,3,"Recente, Frequente, Alto Valor"
1345,31,8,2138.58,2,"Não Recente, Não Frequente, Baixo Valor"
1364,49,9,2363.78,2,"Não Recente, Não Frequente, Baixo Valor"
1384,2,9,1257.15,2,"Não Recente, Não Frequente, Baixo Valor"
1391,109,7,1765.76,0,"Não Recente, Não Frequente, Baixo Valor"
1395,26,10,2595.25,2,"Não Recente, Não Frequente, Baixo Valor"
1404,64,9,2839.42,2,"Não Recente, Não Frequente, Baixo Valor"
1412,7,13,3323.87,3,"Recente, Frequente, Alto Valor"
1417,40,9,2781.9300000000003,2,"Não Recente, Não Frequente, Baixo Valor"
1419,8,12,4167.42,3,"Recente, Frequente, Alto Valor"
1466,40,11,3215.36,3,"Recente, Frequente, Alto Valor"
1502,30,16,4726.04,1,"Recente, Frequente, Alto Valor"
1504,10,12,2373.07,3,"Recente, Frequente, Alto Valor"
1512,23,10,2681.4,3,"Recente, Frequente, Alto Valor"
1523,15,3,455.21,2,"Não Recente, Não Frequente, Baixo Valor"
1536,32,7,925.75,2,"Não Recente, Não Frequente, Baixo Valor"
1537,11,12,3478.36,3,"Recente, Frequente, Alto Valor"
1539,17,11,3184.13,3,"Recente, Frequente, Alto Valor"
1559,28,7,2280.66,2,"Não Recente, Não Frequente, Baixo Valor"
1569,7,7,2052.07,2,"Não Recente, Não Frequente, Baixo Valor"
1574,14,7,2327.12,2,"Não Recente, Não Frequente, Baixo Valor"
1580,2,13,2912.42,3,"Recente, Frequente, Alto Valor"
1600,83,8,1948.21,0,"Não Recente, Não Frequente, Baixo Valor"
1606,26,12,3386.82,3,"Recente, Frequente, Alto Valor"
1635,13,21,5413.5,1,"Recente, Frequente, Alto Valor"
1638,22,9,2757.94,2,"Não Recente, Não Frequente, Baixo Valor"
1659,21,8,2256.24,2,"Não Recente, Não Frequente, Baixo Valor"
1663,27,15,3931.17,3,"Recente, Frequente, Alto Valor"
1666,30,6,1842.69,2,"Não Recente, Não Frequente, Baixo Valor"
1667,96,7,2151.3,0,"Não Recente, Não Frequente, Baixo Valor"
1671,44,10,3223.51,3,"Recente, Frequente, Alto Valor"
1688,23,18,4818.67,1,"Recente, Frequente, Alto Valor"
1698,31,14,3704.93,3,"Recente, Frequente, Alto Valor"
1699,54,4,844.5899999999999,2,"Não Recente, Não Frequente, Baixo Valor"
1716,23,9,2682.75,2,"Não Recente, Não Frequente, Baixo Valor"
1717,36,8,2122.96,2,"Não Recente, Não Frequente, Baixo Valor"
1728,1,21,5806.87,1,"Recente, Frequente, Alto Valor"
1760,4,13,3049.15,3,"Recente, Frequente, Alto Valor"
1768,9,6,1705.91,2,"Não Recente, Não Frequente, Baixo Valor"
1769,32,8,2607.62,2,"Não Recente, Não Frequente, Baixo Valor"
1770,8,10,1919.62,2,"Não Recente, Não Frequente, Baixo Valor"
1775,17,9,2050.1,2,"Não Recente, Não Frequente, Baixo Valor"
1784,43,8,2305.21,2,"Não Recente, Não Frequente, Baixo Valor"
1793,64,5,1546.9699999999998,2,"Não Recente, Não Frequente, Baixo Valor"
1814,10,7,2157.87,2,"Não Recente, Não Frequente, Baixo Valor"
1823,9,8,1998.26,2,"Não Recente, Não Frequente, Baixo Valor"
1825,56,14,4224.63,3,"Recente, Frequente, Alto Valor"
1827,99,10,2998.63,0,"Não Recente, Não Frequente, Baixo Valor"
1830,57,10,2898.88,3,"Recente, Frequente, Alto Valor"
1846,19,6,1006.95,2,"Não Recente, Não Frequente, Baixo Valor"
1851,6,14,4559.16,3,"Recente, Frequente, Alto Valor"
1853,19,12,3701.11,3,"Recente, Frequente, Alto Valor"
1854,49,5,1070.89,2,"Não Recente, Não Frequente, Baixo Valor"
1860,59,4,799.3399999999999,2,"Não Recente, Não Frequente, Baixo Valor"
1863,37,12,3754.4,3,"Recente, Frequente, Alto Valor"
1876,8,15,4101.15,3,"Recente, Frequente, Alto Valor"
1878,4,8,1993.48,2,"Não Recente, Não Frequente, Baixo Valor"
1918,75,10,2976.3,0,"Não Recente, Não Frequente, Baixo Valor"
1922,4,14,3913.71,3,"Recente, Frequente, Alto Valor"
1924,12,14,3698.06,3,"Recente, Frequente, Alto Valor"
1928,9,10,2436.76,2,"Não Recente, Não Frequente, Baixo Valor"
1950,39,11,3100.94,3,"Recente, Frequente, Alto Valor"
1951,7,12,3173.48,3,"Recente, Frequente, Alto Valor"
1953,25,9,3091.01,3,"Recente, Frequente, Alto Valor"
1956,48,7,2059.62,2,"Não Recente, Não Frequente, Baixo Valor"
1966,9,7,1926.65,2,"Não Recente, Não Frequente, Baixo Valor"
1980,77,8,1330.73,0,"Não Recente, Não Frequente, Baixo Valor"
1984,42,15,3712.45,3,"Recente, Frequente, Alto Valor"
1995,58,8,2076.72,2,"Não Recente, Não Frequente, Baixo Valor"
2015,2,15,3675.37,3,"Recente, Frequente, Alto Valor"
2016,24,10,2263.95,2,"Não Recente, Não Frequente, Baixo Valor"
2021,55,8,1485.37,2,"Não Recente, Não Frequente, Baixo Valor"
2028,24,7,1578.99,2,"Não Recente, Não Frequente, Baixo Valor"
2045,18,7,1891.83,2,"Não Recente, Não Frequente, Baixo Valor"
2059,58,7,1481.84,2,"Não Recente, Não Frequente, Baixo Valor"
2060,2,7,1649.94,2,"Não Recente, Não Frequente, Baixo Valor"
2062,35,22,5888.69,1,"Recente, Frequente, Alto Valor"
2063,1,4,868.5,2,"Não Recente, Não Frequente, Baixo Valor"
2065,98,13,3592.16,0,"Não Recente, Não Frequente, Baixo Valor"
2066,41,11,2640.72,3,"Recente, Frequente, Alto Valor"
2069,58,6,1554.1,2,"Não Recente, Não Frequente, Baixo Valor"
2077,37,6,1777.83,2,"Não Recente, Não Frequente, Baixo Valor"
2081,12,7,2590.36,2,"Não Recente, Não Frequente, Baixo Valor"
2120,29,9,2451.06,2,"Não Recente, Não Frequente, Baixo Valor"
2122,6,9,2391.3,2,"Não Recente, Não Frequente, Baixo Valor"
2148,22,10,3211.27,3,"Recente, Frequente, Alto Valor"
2150,22,12,2962.41,3,"Recente, Frequente, Alto Valor"
2154,102,9,2111.88,0,"Não Recente, Não Frequente, Baixo Valor"
2167,140,10,3253.8,0,"Não Recente, Não Frequente, Baixo Valor"
2184,6,24,6188.27,1,"Recente, Frequente, Alto Valor"
2191,8,13,3341.91,3,"Recente, Frequente, Alto Valor"
2202,11,11,2433.06,3,"Recente, Frequente, Alto Valor"
2205,1,7,2106.0,2,"Não Recente, Não Frequente, Baixo Valor"
2214,157,8,2496.91,0,"Não Recente, Não Frequente, Baixo Valor"
2218,104,6,1413.29,0,"Não Recente, Não Frequente, Baixo Valor"
2248,10,12,3239.71,3,"Recente, Frequente, Alto Valor"
2252,1,5,1377.85,2,"Não Recente, Não Frequente, Baixo Valor"
2256,117,9,2542.73,0,"Não Recente, Não Frequente, Baixo Valor"
2267,17,13,4259.7,3,"Recente, Frequente, Alto Valor"
2276,12,11,2539.92,3,"Recente, Frequente, Alto Valor"
2291,8,9,2283.93,2,"Não Recente, Não Frequente, Baixo Valor"
2296,33,9,2434.74,2,"Não Recente, Não Frequente, Baixo Valor"
2306,3,14,4308.79,3,"Recente, Frequente, Alto Valor"
2324,9,10,2731.94,3,"Recente, Frequente, Alto Valor"
2331,47,10,2502.36,2,"Não Recente, Não Frequente, Baixo Valor"
2342,95,10,2389.02,0,"Não Recente, Não Frequente, Baixo Valor"
2353,51,8,2419.06,2,"Não Recente, Não Frequente, Baixo Valor"
2365,6,23,5833.2,1,"Recente, Frequente, Alto Valor"
2409,22,14,4501.89,3,"Recente, Frequente, Alto Valor"
2460,12,21,5203.58,1,"Recente, Frequente, Alto Valor"
2484,73,10,2269.68,0,"Não Recente, Não Frequente, Baixo Valor"
2495,61,7,1232.82,2,"Não Recente, Não Frequente, Baixo Valor"
2528,30,5,1499.78,2,"Não Recente, Não Frequente, Baixo Valor"
2531,5,26,7141.3,1,"Recente, Frequente, Alto Valor"
2540,84,8,2651.76,0,"Não Recente, Não Frequente, Baixo Valor"
2542,83,6,1788.62,0,"Não Recente, Não Frequente, Baixo Valor"
2571,49,5,1409.95,2,"Não Recente, Não Frequente, Baixo Valor"
2581,29,12,3378.51,3,"Recente, Frequente, Alto Valor"
2585,38,4,1199.73,2,"Não Recente, Não Frequente, Baixo Valor"
2604,56,8,2051.58,2,"Não Recente, Não Frequente, Baixo Valor"
2605,70,9,2881.96,0,"Não Recente, Não Frequente, Baixo Valor"
2619,20,4,872.34,2,"Não Recente, Não Frequente, Baixo Valor"
2625,38,7,2041.21,2,"Não Recente, Não Frequente, Baixo Valor"
2633,30,12,3749.08,3,"Recente, Frequente, Alto Valor"
2636,3,8,2340.94,2,"Não Recente, Não Frequente, Baixo Valor"
2645,29,11,3132.38,3,"Recente, Frequente, Alto Valor"
2646,40,9,2667.84,2,"Não Recente, Não Frequente, Baixo Valor"
2648,107,4,972.65,0,"Não Recente, Não Frequente, Baixo Valor"
2663,2,15,4843.94,1,"Recente, Frequente, Alto Valor"
2664,14,10,3096.88,3,"Recente, Frequente, Alto Valor"
2678,44,12,3356.66,3,"Recente, Frequente, Alto Valor"
2679,21,12,3658.51,3,"Recente, Frequente, Alto Valor"
2685,7,13,3695.26,3,"Recente, Frequente, Alto Valor"
2686,16,7,1951.33,2,"Não Recente, Não Frequente, Baixo Valor"
2687,5,9,2615.01,2,"Não Recente, Não Frequente, Baixo Valor"
2693,1,24,7494.49,1,"Recente, Frequente, Alto Valor"
2707,9,10,3345.6,3,"Recente, Frequente, Alto Valor"
2733,11,9,2807.13,2,"Não Recente, Não Frequente, Baixo Valor"
2734,29,13,3366.19,3,"Recente, Frequente, Alto Valor"
2757,7,9,2426.57,2,"Não Recente, Não Frequente, Baixo Valor"
2759,17,9,2202.17,2,"Não Recente, Não Frequente, Baixo Valor"
2761,1,10,2550.24,3,"Recente, Frequente, Alto Valor"
2792,53,16,4530.22,1,"Recente, Frequente, Alto Valor"
2802,16,15,3446.09,3,"Recente, Frequente, Alto Valor"
2810,111,13,3986.4,0,"Não Recente, Não Frequente, Baixo Valor"
2816,41,9,1760.7,2,"Não Recente, Não Frequente, Baixo Valor"
2828,3,10,2703.62,3,"Recente, Frequente, Alto Valor"
2838,21,15,3764.85,3,"Recente, Frequente, Alto Valor"
2841,2,11,3154.57,3,"Recente, Frequente, Alto Valor"
2843,2,10,3107.45,3,"Recente, Frequente, Alto Valor"
2852,9,17,5502.83,1,"Recente, Frequente, Alto Valor"
2853,74,13,3416.68,3,"Recente, Frequente, Alto Valor"
2854,42,15,3639.08,3,"Recente, Frequente, Alto Valor"
2865,3,8,1826.71,2,"Não Recente, Não Frequente, Baixo Valor"
2887,64,8,2006.67,2,"Não Recente, Não Frequente, Baixo Valor"
2895,33,16,3715.32,3,"Recente, Frequente, Alto Valor"
2899,17,12,3369.24,3,"Recente, Frequente, Alto Valor"
2906,25,19,5624.76,1,"Recente, Frequente, Alto Valor"
2908,62,9,2486.16,2,"Não Recente, Não Frequente, Baixo Valor"
2917,40,8,2619.54,2,"Não Recente, Não Frequente, Baixo Valor"
2930,26,13,2924.01,3,"Recente, Frequente, Alto Valor"
2931,16,12,3125.32,3,"Recente, Frequente, Alto Valor"
2959,29,11,3053.56,3,"Recente, Frequente, Alto Valor"
2970,10,9,2322.17,2,"Não Recente, Não Frequente, Baixo Valor"
2976,136,7,2156.9,0,"Não Recente, Não Frequente, Baixo Valor"
2986,3,13,3598.48,3,"Recente, Frequente, Alto Valor"
2990,21,12,3527.22,3,"Recente, Frequente, Alto Valor"
2994,9,10,3159.95,3,"Recente, Frequente, Alto Valor"
2997,32,10,2331.82,2,"Não Recente, Não Frequente, Baixo Valor"
2998,26,8,3015.8900000000003,2,"Não Recente, Não Frequente, Baixo Valor"
3000,52,8,2239.15,2,"Não Recente, Não Frequente, Baixo Valor"
3026,32,8,2088.59,2,"Não Recente, Não Frequente, Baixo Valor"
3027,22,9,2888.66,2,"Não Recente, Não Frequente, Baixo Valor"
3047,8,10,2259.75,2,"Não Recente, Não Frequente, Baixo Valor"
3048,48,16,3389.1,3,"Recente, Frequente, Alto Valor"
3049,6,13,3777.5,3,"Recente, Frequente, Alto Valor"
3060,13,8,2865.24,2,"Não Recente, Não Frequente, Baixo Valor"
3062,68,6,1775.85,0,"Não Recente, Não Frequente, Baixo Valor"
3065,99,4,1285.38,0,"Não Recente, Não Frequente, Baixo Valor"
3079,9,11,3614.63,3,"Recente, Frequente, Alto Valor"
3082,98,10,2816.29,0,"Não Recente, Não Frequente, Baixo Valor"
3105,26,11,2760.12,3,"Recente, Frequente, Alto Valor"
3116,39,10,2871.44,3,"Recente, Frequente, Alto Valor"
3125,43,8,2651.96,2,"Não Recente, Não Frequente, Baixo Valor"
3136,30,9,2380.51,2,"Não Recente, Não Frequente, Baixo Valor"
3141,37,6,1550.62,2,"Não Recente, Não Frequente, Baixo Valor"
3143,56,11,3345.31,3,"Recente, Frequente, Alto Valor"
3156,16,12,3112.49,3,"Recente, Frequente, Alto Valor"
3180,1,9,2983.16,3,"Recente, Frequente, Alto Valor"
3190,42,7,2237.98,2,"Não Recente, Não Frequente, Baixo Valor"
3192,35,8,2459.03,2,"Não Recente, Não Frequente, Baixo Valor"
3193,35,12,3539.4500000000003,3,"Recente, Frequente, Alto Valor"
3200,2,10,2316.03,2,"Não Recente, Não Frequente, Baixo Valor"
3204,23,10,2372.88,2,"Não Recente, Não Frequente, Baixo Valor"
3205,2,16,5196.08,1,"Recente, Frequente, Alto Valor"
3219,20,8,2620.36,2,"Não Recente, Não Frequente, Baixo Valor"
3243,49,12,2857.32,3,"Recente, Frequente, Alto Valor"
3255,12,21,5839.72,1,"Recente, Frequente, Alto Valor"
3327,7,23,6598.06,1,"Recente, Frequente, Alto Valor"
3336,35,10,3214.27,3,"Recente, Frequente, Alto Valor"
3368,41,11,2712.85,3,"Recente, Frequente, Alto Valor"
3371,44,8,2197.61,2,"Não Recente, Não Frequente, Baixo Valor"
3385,2,7,1206.64,2,"Não Recente, Não Frequente, Baixo Valor"
3393,27,11,2909.6,3,"Recente, Frequente, Alto Valor"
3427,12,11,3020.8,3,"Recente, Frequente, Alto Valor"
3433,56,10,3823.58,3,"Recente, Frequente, Alto Valor"
3443,15,10,2641.77,3,"Recente, Frequente, Alto Valor"
3454,15,6,1885.92,2,"Não Recente, Não Frequente, Baixo Valor"
3472,4,18,4938.81,1,"Recente, Frequente, Alto Valor"
3479,7,14,3798.63,3,"Recente, Frequente, Alto Valor"
3482,66,8,2195.68,2,"Não Recente, Não Frequente, Baixo Valor"
3489,53,5,1250.99,2,"Não Recente, Não Frequente, Baixo Valor"
3491,11,18,3868.55,1,"Recente, Frequente, Alto Valor"
3502,29,6,1661.7,2,"Não Recente, Não Frequente, Baixo Valor"
3504,98,10,2433.67,0,"Não Recente, Não Frequente, Baixo Valor"
3511,44,9,2604.4700000000003,2,"Não Recente, Não Frequente, Baixo Valor"
3539,43,10,2898.9700000000003,3,"Recente, Frequente, Alto Valor"
3551,38,17,5288.46,1,"Recente, Frequente, Alto Valor"
3557,14,10,3005.45,3,"Recente, Frequente, Alto Valor"
3558,39,11,2713.92,3,"Recente, Frequente, Alto Valor"
3560,3,6,1517.9,2,"Não Recente, Não Frequente, Baixo Valor"
3568,25,7,1804.42,2,"Não Recente, Não Frequente, Baixo Valor"
3590,18,12,3673.78,3,"Recente, Frequente, Alto Valor"
3593,129,7,2028.21,0,"Não Recente, Não Frequente, Baixo Valor"
3612,7,17,4988.26,1,"Recente, Frequente, Alto Valor"
3635,7,9,2717.4,2,"Não Recente, Não Frequente, Baixo Valor"
3645,19,8,2369.23,2,"Não Recente, Não Frequente, Baixo Valor"
3674,31,10,2784.35,3,"Recente, Frequente, Alto Valor"
3681,180,5,1316.32,0,"Não Recente, Não Frequente, Baixo Valor"
3693,9,9,2215.99,2,"Não Recente, Não Frequente, Baixo Valor"
3695,4,6,1863.22,2,"Não Recente, Não Frequente, Baixo Valor"
3703,53,10,3013.15,3,"Recente, Frequente, Alto Valor"
3708,28,9,2965.73,3,"Recente, Frequente, Alto Valor"
3712,95,8,2936.11,0,"Não Recente, Não Frequente, Baixo Valor"
3713,37,7,2274.65,2,"Não Recente, Não Frequente, Baixo Valor"
3717,43,9,2885.11,2,"Não Recente, Não Frequente, Baixo Valor"
3731,60,10,2043.57,2,"Não Recente, Não Frequente, Baixo Valor"
3733,5,9,1842.86,2,"Não Recente, Não Frequente, Baixo Valor"
3734,33,9,2681.31,2,"Não Recente, Não Frequente, Baixo Valor"
3738,41,10,2294.37,2,"Não Recente, Não Frequente, Baixo Valor"
3739,7,6,1645.0700000000002,2,"Não Recente, Não Frequente, Baixo Valor"
3744,37,15,4295.74,3,"Recente, Frequente, Alto Valor"
3745,37,16,3966.83,3,"Recente, Frequente, Alto Valor"
3747,56,14,2929.74,3,"Recente, Frequente, Alto Valor"
3779,29,12,2854.03,3,"Recente, Frequente, Alto Valor"
3782,76,9,2244.17,0,"Não Recente, Não Frequente, Baixo Valor"
3786,13,9,2973.93,3,"Recente, Frequente, Alto Valor"
3790,80,19,5458.54,1,"Recente, Frequente, Alto Valor"
3797,29,10,3694.88,3,"Recente, Frequente, Alto Valor"
3806,8,7,2459.84,2,"Não Recente, Não Frequente, Baixo Valor"
3811,56,5,1105.71,2,"Não Recente, Não Frequente, Baixo Valor"
3814,147,5,1589.34,0,"Não Recente, Não Frequente, Baixo Valor"
3824,2,7,1664.51,2,"Não Recente, Não Frequente, Baixo Valor"
3832,13,16,4449.84,1,"Recente, Frequente, Alto Valor"
3838,6,5,1354.35,2,"Não Recente, Não Frequente, Baixo Valor"
3839,27,13,4270.05,3,"Recente, Frequente, Alto Valor"
3849,35,6,2329.13,2,"Não Recente, Não Frequente, Baixo Valor"
3869,33,9,3035.05,3,"Recente, Frequente, Alto Valor"
3871,73,8,1398.09,0,"Não Recente, Não Frequente, Baixo Valor"
3872,45,14,3009.0,3,"Recente, Frequente, Alto Valor"
3878,15,15,4807.16,1,"Recente, Frequente, Alto Valor"
3891,32,17,4613.35,1,"Recente, Frequente, Alto Valor"
3898,97,7,2388.41,0,"Não Recente, Não Frequente, Baixo Valor"
3911,14,5,1155.56,2,"Não Recente, Não Frequente, Baixo Valor"
3914,37,11,3218.46,3,"Recente, Frequente, Alto Valor"
3923,3,14,3390.83,3,"Recente, Frequente, Alto Valor"
3931,43,5,1733.86,2,"Não Recente, Não Frequente, Baixo Valor"
3950,47,5,1403.45,2,"Não Recente, Não Frequente, Baixo Valor"
3961,58,8,2051.17,2,"Não Recente, Não Frequente, Baixo Valor"
3967,49,12,3576.88,3,"Recente, Frequente, Alto Valor"
3975,72,4,1129.96,0,"Não Recente, Não Frequente, Baixo Valor"
3976,36,12,3180.9300000000003,3,"Recente, Frequente, Alto Valor"
4005,26,8,2036.44,2,"Não Recente, Não Frequente, Baixo Valor"
4009,52,8,2245.67,2,"Não Recente, Não Frequente, Baixo Valor"
4030,86,9,2231.3,0,"Não Recente, Não Frequente, Baixo Valor"
4051,1,11,3248.29,3,"Recente, Frequente, Alto Valor"
4072,2,22,5396.66,1,"Recente, Frequente, Alto Valor"
4073,2,11,3298.29,3,"Recente, Frequente, Alto Valor"
4086,32,11,3853.15,3,"Recente, Frequente, Alto Valor"
4099,119,10,3362.44,0,"Não Recente, Não Frequente, Baixo Valor"
4104,36,13,4188.6,3,"Recente, Frequente, Alto Valor"
4108,19,15,3526.77,3,"Recente, Frequente, Alto Valor"
4124,33,13,4732.79,3,"Recente, Frequente, Alto Valor"
4141,46,6,1907.02,2,"Não Recente, Não Frequente, Baixo Valor"
4147,50,13,2758.87,3,"Recente, Frequente, Alto Valor"
4152,37,15,3851.73,3,"Recente, Frequente, Alto Valor"
4157,58,13,3102.98,3,"Recente, Frequente, Alto Valor"
4170,9,21,5492.44,1,"Recente, Frequente, Alto Valor"
4177,9,24,6204.06,1,"Recente, Frequente, Alto Valor"
4228,41,7,1872.48,2,"Não Recente, Não Frequente, Baixo Valor"
4242,8,10,2913.17,3,"Recente, Frequente, Alto Valor"
4266,28,7,1652.57,2,"Não Recente, Não Frequente, Baixo Valor"
4267,8,12,3422.42,3,"Recente, Frequente, Alto Valor"
4304,30,11,1934.37,2,"Não Recente, Não Frequente, Baixo Valor"
4324,71,6,1355.52,0,"Não Recente, Não Frequente, Baixo Valor"
4327,6,9,2054.5,2,"Não Recente, Não Frequente, Baixo Valor"
4330,16,11,3544.21,3,"Recente, Frequente, Alto Valor"
4335,29,14,4228.85,3,"Recente, Frequente, Alto Valor"
4343,22,10,2607.74,2,"Não Recente, Não Frequente, Baixo Valor"
4345,62,9,2775.88,2,"Não Recente, Não Frequente, Baixo Valor"
4354,73,6,1878.33,0,"Não Recente, Não Frequente, Baixo Valor"
4368,6,15,4246.71,3,"Recente, Frequente, Alto Valor"
4373,6,15,3283.41,3,"Recente, Frequente, Alto Valor"
4374,7,14,4100.94,3,"Recente, Frequente, Alto Valor"
4376,38,6,1931.41,2,"Não Recente, Não Frequente, Baixo Valor"
4385,33,8,2341.58,2,"Não Recente, Não Frequente, Baixo Valor"
4391,4,11,3552.9500000000003,3,"Recente, Frequente, Alto Valor"
4394,262,3,809.4200000000001,0,"Não Recente, Não Frequente, Baixo Valor"
4417,12,14,5195.19,1,"Recente, Frequente, Alto Valor"
4419,7,11,3146.47,3,"Recente, Frequente, Alto Valor"
4420,166,6,1512.36,0,"Não Recente, Não Frequente, Baixo Valor"
4432,105,9,2058.22,0,"Não Recente, Não Frequente, Baixo Valor"
4436,1,15,3764.77,3,"Recente, Frequente, Alto Valor"
4440,42,7,1338.69,2,"Não Recente, Não Frequente, Baixo Valor"
4444,64,7,2244.61,2,"Não Recente, Não Frequente, Baixo Valor"
4446,17,7,2137.08,2,"Não Recente, Não Frequente, Baixo Valor"
4472,111,10,2531.23,0,"Não Recente, Não Frequente, Baixo Valor"
4476,39,12,3316.23,3,"Recente, Frequente, Alto Valor"
4486,3,19,5301.9400000000005,1,"Recente, Frequente, Alto Valor"
4490,8,5,1210.99,2,"Não Recente, Não Frequente, Baixo Valor"
4506,9,7,2249.99,2,"Não Recente, Não Frequente, Baixo Valor"
4507,45,13,4607.37,3,"Recente, Frequente, Alto Valor"
4510,27,9,2137.76,2,"Não Recente, Não Frequente, Baixo Valor"
4517,76,9,2118.05,0,"Não Recente, Não Frequente, Baixo Valor"
4530,35,14,3606.35,3,"Recente, Frequente, Alto Valor"
4531,86,9,1946.68,0,"Não Recente, Não Frequente, Baixo Valor"
4556,15,13,3356.9,3,"Recente, Frequente, Alto Valor"
4561,43,12,3036.36,3,"Recente, Frequente, Alto Valor"
4572,17,6,1585.61,2,"Não Recente, Não Frequente, Baixo Valor"
4579,49,9,3154.54,3,"Recente, Frequente, Alto Valor"
4581,27,9,2688.4500000000003,2,"Não Recente, Não Frequente, Baixo Valor"
4584,36,10,2421.83,2,"Não Recente, Não Frequente, Baixo Valor"
4596,127,11,3343.32,0,"Não Recente, Não Frequente, Baixo Valor"
4600,93,10,2915.7,0,"Não Recente, Não Frequente, Baixo Valor"
4627,5,23,6261.48,1,"Recente, Frequente, Alto Valor"
4636,21,13,4216.73,3,"Recente, Frequente, Alto Valor"
4644,89,7,1822.22,0,"Não Recente, Não Frequente, Baixo Valor"
4672,32,11,2417.28,3,"Recente, Frequente, Alto Valor"
4687,2,7,1855.53,2,"Não Recente, Não Frequente, Baixo Valor"
4696,4,11,3025.71,3,"Recente, Frequente, Alto Valor"
4701,24,11,3161.86,3,"Recente, Frequente, Alto Valor"
4709,39,11,2527.62,3,"Recente, Frequente, Alto Valor"
4719,6,22,6214.47,1,"Recente, Frequente, Alto Valor"
4735,11,11,2890.16,3,"Recente, Frequente, Alto Valor"
4744,10,11,3780.11,3,"Recente, Frequente, Alto Valor"
4748,23,12,3943.64,3,"Recente, Frequente, Alto Valor"
4756,101,7,1863.94,0,"Não Recente, Não Frequente, Baixo Valor"
4763,4,5,584.12,2,"Não Recente, Não Frequente, Baixo Valor"
4766,47,17,4421.63,1,"Recente, Frequente, Alto Valor"
4769,1,13,3111.41,3,"Recente, Frequente, Alto Valor"
4775,68,10,2587.66,0,"Não Recente, Não Frequente, Baixo Valor"
4797,52,6,1540.89,2,"Não Recente, Não Frequente, Baixo Valor"
4812,45,8,2234.26,2,"Não Recente, Não Frequente, Baixo Valor"
4818,106,12,3046.83,0,"Não Recente, Não Frequente, Baixo Valor"
4840,36,11,2620.92,3,"Recente, Frequente, Alto Valor"
4843,23,11,2901.89,3,"Recente, Frequente, Alto Valor"
4854,56,8,1978.96,2,"Não Recente, Não Frequente, Baixo Valor"
4863,125,5,1130.83,0,"Não Recente, Não Frequente, Baixo Valor"
4876,39,9,2149.23,2,"Não Recente, Não Frequente, Baixo Valor"
4890,56,12,2933.3,3,"Recente, Frequente, Alto Valor"
4900,15,12,3302.27,3,"Recente, Frequente, Alto Valor"
4913,18,7,1409.86,2,"Não Recente, Não Frequente, Baixo Valor"
4925,15,13,2951.77,3,"Recente, Frequente, Alto Valor"
4943,58,11,2927.46,3,"Recente, Frequente, Alto Valor"
4974,145,9,2178.34,0,"Não Recente, Não Frequente, Baixo Valor"
4987,15,11,2128.92,2,"Não Recente, Não Frequente, Baixo Valor"
5000,10,11,3257.14,3,"Recente, Frequente, Alto Valor"
5014,71,5,1347.67,0,"Não Recente, Não Frequente, Baixo Valor"
5018,25,10,2068.03,2,"Não Recente, Não Frequente, Baixo Valor"
5021,26,16,3543.76,3,"Recente, Frequente, Alto Valor"
5033,10,10,2441.65,2,"Não Recente, Não Frequente, Baixo Valor"
5061,40,10,2797.66,3,"Recente, Frequente, Alto Valor"
5070,33,8,2390.8,2,"Não Recente, Não Frequente, Baixo Valor"
5079,120,3,547.31,0,"Não Recente, Não Frequente, Baixo Valor"
5107,5,11,2721.17,3,"Recente, Frequente, Alto Valor"
5142,9,19,6145.53,1,"Recente, Frequente, Alto Valor"
5143,26,13,4391.44,3,"Recente, Frequente, Alto Valor"
5146,10,20,5134.46,1,"Recente, Frequente, Alto Valor"
5158,70,9,2586.53,0,"Não Recente, Não Frequente, Baixo Valor"
5164,16,10,2545.86,2,"Não Recente, Não Frequente, Baixo Valor"
5171,48,6,1549.41,2,"Não Recente, Não Frequente, Baixo Valor"
5175,25,10,3666.37,3,"Recente, Frequente, Alto Valor"
5178,67,12,3079.94,3,"Recente, Frequente, Alto Valor"
5186,42,4,1298.03,2,"Não Recente, Não Frequente, Baixo Valor"
5188,10,15,4421.92,3,"Recente, Frequente, Alto Valor"
5199,46,10,2815.24,3,"Recente, Frequente, Alto Valor"
5206,2,11,2893.55,3,"Recente, Frequente, Alto Valor"
5208,79,7,1884.59,0,"Não Recente, Não Frequente, Baixo Valor"
5212,24,7,1348.59,2,"Não Recente, Não Frequente, Baixo Valor"
5218,4,14,4297.73,3,"Recente, Frequente, Alto Valor"
5225,38,15,4987.4,1,"Recente, Frequente, Alto Valor"
5227,34,9,2089.14,2,"Não Recente, Não Frequente, Baixo Valor"
5234,15,7,2343.06,2,"Não Recente, Não Frequente, Baixo Valor"
5243,46,9,1724.25,2,"Não Recente, Não Frequente, Baixo Valor"
5249,9,10,3932.95,3,"Recente, Frequente, Alto Valor"
5261,40,10,2842.36,3,"Recente, Frequente, Alto Valor"
5268,149,6,1552.41,0,"Não Recente, Não Frequente, Baixo Valor"
5282,2,11,2230.28,2,"Não Recente, Não Frequente, Baixo Valor"
5289,12,14,3970.6,3,"Recente, Frequente, Alto Valor"
5297,27,6,1720.81,2,"Não Recente, Não Frequente, Baixo Valor"
5300,31,11,2789.37,3,"Recente, Frequente, Alto Valor"
5312,12,11,3914.44,3,"Recente, Frequente, Alto Valor"
5324,3,11,3242.58,3,"Recente, Frequente, Alto Valor"
5330,42,8,2506.51,2,"Não Recente, Não Frequente, Baixo Valor"
5360,20,10,2740.49,3,"Recente, Frequente, Alto Valor"
5363,7,13,3084.66,3,"Recente, Frequente, Alto Valor"
5380,7,26,5478.02,1,"Recente, Frequente, Alto Valor"
5389,23,11,2889.39,3,"Recente, Frequente, Alto Valor"
5413,125,4,1411.47,0,"Não Recente, Não Frequente, Baixo Valor"
5422,29,7,1832.87,2,"Não Recente, Não Frequente, Baixo Valor"
5426,232,8,2776.25,0,"Não Recente, Não Frequente, Baixo Valor"
5432,10,13,3479.32,3,"Recente, Frequente, Alto Valor"
5433,120,9,2430.7,0,"Não Recente, Não Frequente, Baixo Valor"
5451,41,10,2621.34,2,"Não Recente, Não Frequente, Baixo Valor"
5452,22,11,2422.98,3,"Recente, Frequente, Alto Valor"
5465,118,8,2358.11,0,"Não Recente, Não Frequente, Baixo Valor"
5468,13,17,4932.84,1,"Recente, Frequente, Alto Valor"
5488,129,5,1073.02,0,"Não Recente, Não Frequente, Baixo Valor"
5491,25,15,4825.0,1,"Recente, Frequente, Alto Valor"
5492,22,11,2658.99,3,"Recente, Frequente, Alto Valor"
5493,18,13,4673.57,3,"Recente, Frequente, Alto Valor"
5495,13,13,3273.02,3,"Recente, Frequente, Alto Valor"
5496,53,14,3898.39,3,"Recente, Frequente, Alto Valor"
5499,42,14,3222.31,3,"Recente, Frequente, Alto Valor"
5524,18,10,2485.9,2,"Não Recente, Não Frequente, Baixo Valor"
5530,17,11,2885.4300000000003,3,"Recente, Frequente, Alto Valor"
5544,27,11,2749.39,3,"Recente, Frequente, Alto Valor"
5548,24,12,2734.05,3,"Recente, Frequente, Alto Valor"
5555,2,21,6321.59,1,"Recente, Frequente, Alto Valor"
5611,7,10,2601.71,3,"Recente, Frequente, Alto Valor"
5612,5,9,2309.18,2,"Não Recente, Não Frequente, Baixo Valor"
5621,111,8,1870.37,0,"Não Recente, Não Frequente, Baixo Valor"
5632,7,11,3742.55,3,"Recente, Frequente, Alto Valor"
5636,42,15,4167.69,3,"Recente, Frequente, Alto Valor"
5637,29,10,2921.67,3,"Recente, Frequente, Alto Valor"
5642,56,10,2802.24,3,"Recente, Frequente, Alto Valor"
5658,41,12,2676.21,3,"Recente, Frequente, Alto Valor"
5662,3,13,4031.44,3,"Recente, Frequente, Alto Valor"
5670,35,7,2255.65,2,"Não Recente, Não Frequente, Baixo Valor"
5673,29,5,996.5,2,"Não Recente, Não Frequente, Baixo Valor"
5719,5,5,1635.13,2,"Não Recente, Não Frequente, Baixo Valor"
5729,25,7,2203.64,2,"Não Recente, Não Frequente, Baixo Valor"
5735,1,10,2521.93,2,"Não Recente, Não Frequente, Baixo Valor"
5736,66,7,1869.47,2,"Não Recente, Não Frequente, Baixo Valor"
5737,12,7,1943.48,2,"Não Recente, Não Frequente, Baixo Valor"
5748,13,14,3521.32,3,"Recente, Frequente, Alto Valor"
5752,83,11,3338.55,0,"Não Recente, Não Frequente, Baixo Valor"
5757,23,7,2007.04,2,"Não Recente, Não Frequente, Baixo Valor"
5777,13,28,6930.12,1,"Recente, Frequente, Alto Valor"
5780,7,27,7679.09,1,"Recente, Frequente, Alto Valor"
5784,32,10,2706.21,3,"Recente, Frequente, Alto Valor"
5804,6,8,2463.89,2,"Não Recente, Não Frequente, Baixo Valor"
5809,7,15,3801.91,3,"Recente, Frequente, Alto Valor"
5820,107,5,1426.44,0,"Não Recente, Não Frequente, Baixo Valor"
5835,8,9,2581.11,2,"Não Recente, Não Frequente, Baixo Valor"
5846,22,12,3481.83,3,"Recente, Frequente, Alto Valor"
5849,16,8,2151.99,2,"Não Recente, Não Frequente, Baixo Valor"
5854,56,7,1877.82,2,"Não Recente, Não Frequente, Baixo Valor"
5858,46,8,2434.96,2,"Não Recente, Não Frequente, Baixo Valor"
5859,17,10,3573.57,3,"Recente, Frequente, Alto Valor"
5869,24,12,3940.44,3,"Recente, Frequente, Alto Valor"
5887,61,7,2279.1,2,"Não Recente, Não Frequente, Baixo Valor"
5892,1,12,3285.17,3,"Recente, Frequente, Alto Valor"
5893,29,7,2304.96,2,"Não Recente, Não Frequente, Baixo Valor"
5910,26,10,3202.66,3,"Recente, Frequente, Alto Valor"
5911,20,11,2864.09,3,"Recente, Frequente, Alto Valor"
5926,9,15,4248.27,3,"Recente, Frequente, Alto Valor"
5931,11,8,2074.34,2,"Não Recente, Não Frequente, Baixo Valor"
5944,28,13,3066.33,3,"Recente, Frequente, Alto Valor"
5946,44,11,2583.03,3,"Recente, Frequente, Alto Valor"
5964,64,9,2568.2200000000003,2,"Não Recente, Não Frequente, Baixo Valor"
5968,17,11,2756.82,3,"Recente, Frequente, Alto Valor"
5971,4,19,5103.52,1,"Recente, Frequente, Alto Valor"
5973,72,11,3537.77,3,"Recente, Frequente, Alto Valor"
5976,9,14,4131.55,3,"Recente, Frequente, Alto Valor"
5980,4,8,2424.53,2,"Não Recente, Não Frequente, Baixo Valor"
6029,95,6,1274.86,0,"Não Recente, Não Frequente, Baixo Valor"
6031,11,13,3826.67,3,"Recente, Frequente, Alto Valor"
6051,3,11,2683.77,3,"Recente, Frequente, Alto Valor"
6052,21,10,3185.25,3,"Recente, Frequente, Alto Valor"
6056,12,12,3709.37,3,"Recente, Frequente, Alto Valor"
6063,25,14,3950.25,3,"Recente, Frequente, Alto Valor"
6073,23,11,2804.31,3,"Recente, Frequente, Alto Valor"
6083,95,6,2114.21,0,"Não Recente, Não Frequente, Baixo Valor"
6088,40,8,1539.79,2,"Não Recente, Não Frequente, Baixo Valor"
6104,2,13,3550.4,3,"Recente, Frequente, Alto Valor"
6109,113,10,2759.63,0,"Não Recente, Não Frequente, Baixo Valor"
6115,53,11,3023.9500000000003,3,"Recente, Frequente, Alto Valor"
6116,104,13,3517.17,0,"Não Recente, Não Frequente, Baixo Valor"
6122,70,12,3081.14,3,"Recente, Frequente, Alto Valor"
6124,1,17,4673.62,1,"Recente, Frequente, Alto Valor"
6126,73,11,3392.01,3,"Recente, Frequente, Alto Valor"
6134,39,10,3108.99,3,"Recente, Frequente, Alto Valor"
6142,31,11,2906.03,3,"Recente, Frequente, Alto Valor"
6161,30,13,3348.98,3,"Recente, Frequente, Alto Valor"
6172,30,11,2984.5,3,"Recente, Frequente, Alto Valor"
6177,20,14,3692.79,3,"Recente, Frequente, Alto Valor"
6182,63,8,2528.84,2,"Não Recente, Não Frequente, Baixo Valor"
6188,3,13,3164.43,3,"Recente, Frequente, Alto Valor"
6191,64,12,3082.35,3,"Recente, Frequente, Alto Valor"
6222,34,9,2467.55,2,"Não Recente, Não Frequente, Baixo Valor"
6232,35,23,5323.39,1,"Recente, Frequente, Alto Valor"
6237,7,9,1839.54,2,"Não Recente, Não Frequente, Baixo Valor"
6240,51,12,3395.6,3,"Recente, Frequente, Alto Valor"
6249,115,4,1228.37,0,"Não Recente, Não Frequente, Baixo Valor"
6256,5,10,2399.48,2,"Não Recente, Não Frequente, Baixo Valor"
6258,78,9,2385.82,0,"Não Recente, Não Frequente, Baixo Valor"
6276,27,16,4472.26,1,"Recente, Frequente, Alto Valor"
6287,73,8,1879.88,0,"Não Recente, Não Frequente, Baixo Valor"
6293,15,11,3214.78,3,"Recente, Frequente, Alto Valor"
6299,145,9,2464.28,0,"Não Recente, Não Frequente, Baixo Valor"
6301,1,10,2274.8,2,"Não Recente, Não Frequente, Baixo Valor"
6305,17,6,1907.87,2,"Não Recente, Não Frequente, Baixo Valor"
6311,15,6,1370.51,2,"Não Recente, Não Frequente, Baixo Valor"
6315,67,7,1878.79,0,"Não Recente, Não Frequente, Baixo Valor"
6320,28,15,3529.97,3,"Recente, Frequente, Alto Valor"
6334,11,10,2395.71,2,"Não Recente, Não Frequente, Baixo Valor"
6342,205,6,1284.47,0,"Não Recente, Não Frequente, Baixo Valor"
6348,6,10,2863.89,3,"Recente, Frequente, Alto Valor"
6373,56,11,3191.03,3,"Recente, Frequente, Alto Valor"
6387,17,10,2956.13,3,"Recente, Frequente, Alto Valor"
6390,56,6,1719.83,2,"Não Recente, Não Frequente, Baixo Valor"
6393,43,17,4367.76,1,"Recente, Frequente, Alto Valor"
6401,52,12,3344.75,3,"Recente, Frequente, Alto Valor"
6408,3,8,2034.54,2,"Não Recente, Não Frequente, Baixo Valor"
6415,44,12,3482.97,3,"Recente, Frequente, Alto Valor"
6423,1,9,2569.26,2,"Não Recente, Não Frequente, Baixo Valor"
6442,71,11,2684.11,0,"Não Recente, Não Frequente, Baixo Valor"
6449,14,7,2175.69,2,"Não Recente, Não Frequente, Baixo Valor"
6450,2,6,1582.49,2,"Não Recente, Não Frequente, Baixo Valor"
6463,72,14,4076.3,3,"Recente, Frequente, Alto Valor"
6468,1,9,2129.74,2,"Não Recente, Não Frequente, Baixo Valor"
6486,6,18,5329.19,1,"Recente, Frequente, Alto Valor"
6490,143,9,2583.53,0,"Não Recente, Não Frequente, Baixo Valor"
6530,10,7,2370.28,2,"Não Recente, Não Frequente, Baixo Valor"
6534,11,11,3521.29,3,"Recente, Frequente, Alto Valor"
6535,12,15,4055.14,3,"Recente, Frequente, Alto Valor"
6536,14,5,1278.39,2,"Não Recente, Não Frequente, Baixo Valor"
6539,12,16,4788.02,1,"Recente, Frequente, Alto Valor"
6541,16,15,3468.15,3,"Recente, Frequente, Alto Valor"
6560,113,9,2397.54,0,"Não Recente, Não Frequente, Baixo Valor"
6565,97,8,2934.22,0,"Não Recente, Não Frequente, Baixo Valor"
6567,42,10,2873.67,3,"Recente, Frequente, Alto Valor"
6569,7,16,4726.44,1,"Recente, Frequente, Alto Valor"
6575,36,5,1321.86,2,"Não Recente, Não Frequente, Baixo Valor"
6578,120,9,2669.58,0,"Não Recente, Não Frequente, Baixo Valor"
6585,36,10,3066.58,3,"Recente, Frequente, Alto Valor"
6588,33,15,3277.69,3,"Recente, Frequente, Alto Valor"
6592,3,12,3527.93,3,"Recente, Frequente, Alto Valor"
6596,55,10,3044.06,3,"Recente, Frequente, Alto Valor"
6600,24,7,1924.66,2,"Não Recente, Não Frequente, Baixo Valor"
6618,8,8,1797.83,2,"Não Recente, Não Frequente, Baixo Valor"
6622,78,13,3284.88,3,"Recente, Frequente, Alto Valor"
6625,55,13,3286.62,3,"Recente, Frequente, Alto Valor"
6644,10,11,2839.57,3,"Recente, Frequente, Alto Valor"
6645,19,13,3524.78,3,"Recente, Frequente, Alto Valor"
6675,89,7,2445.65,0,"Não Recente, Não Frequente, Baixo Valor"
6691,3,25,6483.32,1,"Recente, Frequente, Alto Valor"
6699,16,9,2945.51,3,"Recente, Frequente, Alto Valor"
6713,17,10,2856.48,3,"Recente, Frequente, Alto Valor"
6726,22,5,1585.46,2,"Não Recente, Não Frequente, Baixo Valor"
6732,20,12,3838.31,3,"Recente, Frequente, Alto Valor"
6734,12,13,3561.34,3,"Recente, Frequente, Alto Valor"
6742,23,11,3056.95,3,"Recente, Frequente, Alto Valor"
6745,47,12,2793.02,3,"Recente, Frequente, Alto Valor"
6750,20,9,2038.17,2,"Não Recente, Não Frequente, Baixo Valor"
6759,10,10,3095.2,3,"Recente, Frequente, Alto Valor"
6765,6,13,3307.49,3,"Recente, Frequente, Alto Valor"
6779,37,6,1851.79,2,"Não Recente, Não Frequente, Baixo Valor"
6788,38,14,3865.78,3,"Recente, Frequente, Alto Valor"
6791,120,10,2473.14,0,"Não Recente, Não Frequente, Baixo Valor"
6797,10,8,1809.51,2,"Não Recente, Não Frequente, Baixo Valor"
6801,54,6,2615.4,2,"Não Recente, Não Frequente, Baixo Valor"
6811,1,10,3394.84,3,"Recente, Frequente, Alto Valor"
6854,11,17,4562.62,1,"Recente, Frequente, Alto Valor"
6855,8,7,2472.69,2,"Não Recente, Não Frequente, Baixo Valor"
6864,76,6,1942.84,0,"Não Recente, Não Frequente, Baixo Valor"
6870,7,8,2497.48,2,"Não Recente, Não Frequente, Baixo Valor"
6878,22,3,752.15,2,"Não Recente, Não Frequente, Baixo Valor"
6881,21,7,1370.9,2,"Não Recente, Não Frequente, Baixo Valor"
6892,47,12,2791.92,3,"Recente, Frequente, Alto Valor"
6895,12,15,3763.01,3,"Recente, Frequente, Alto Valor"
6915,2,9,2992.76,3,"Recente, Frequente, Alto Valor"
6917,27,9,2658.22,2,"Não Recente, Não Frequente, Baixo Valor"
6919,25,7,1616.31,2,"Não Recente, Não Frequente, Baixo Valor"
6949,104,7,2244.83,0,"Não Recente, Não Frequente, Baixo Valor"
6951,14,8,2497.79,2,"Não Recente, Não Frequente, Baixo Valor"
6959,52,9,2148.6,2,"Não Recente, Não Frequente, Baixo Valor"
6966,4,12,3449.57,3,"Recente, Frequente, Alto Valor"
6971,66,10,2700.0,2,"Não Recente, Não Frequente, Baixo Valor"
6975,57,9,2305.02,2,"Não Recente, Não Frequente, Baixo Valor"
6977,10,17,4549.73,1,"Recente, Frequente, Alto Valor"
6984,2,11,3010.64,3,"Recente, Frequente, Alto Valor"
6986,7,15,3841.91,3,"Recente, Frequente, Alto Valor"
6988,43,9,2865.71,2,"Não Recente, Não Frequente, Baixo Valor"
6989,4,19,4951.67,1,"Recente, Frequente, Alto Valor"
6997,10,15,4658.56,1,"Recente, Frequente, Alto Valor"
7002,27,14,3177.9,3,"Recente, Frequente, Alto Valor"
7015,1,6,1471.4299999999998,2,"Não Recente, Não Frequente, Baixo Valor"
7016,93,9,2783.19,0,"Não Recente, Não Frequente, Baixo Valor"
7019,75,8,1762.05,0,"Não Recente, Não Frequente, Baixo Valor"
7024,68,10,3174.29,3,"Recente, Frequente, Alto Valor"
7028,52,8,1839.89,2,"Não Recente, Não Frequente, Baixo Valor"
7031,28,8,2598.48,2,"Não Recente, Não Frequente, Baixo Valor"
7038,167,4,1355.0500000000002,0,"Não Recente, Não Frequente, Baixo Valor"
7042,8,16,4575.72,1,"Recente, Frequente, Alto Valor"
7090,62,11,3358.7,3,"Recente, Frequente, Alto Valor"
7102,39,9,2201.4300000000003,2,"Não Recente, Não Frequente, Baixo Valor"
7132,11,11,3040.5,3,"Recente, Frequente, Alto Valor"
7166,42,9,2176.82,2,"Não Recente, Não Frequente, Baixo Valor"
7168,135,10,2457.42,0,"Não Recente, Não Frequente, Baixo Valor"
7172,10,11,2767.83,3,"Recente, Frequente, Alto Valor"
7184,7,11,3526.09,3,"Recente, Frequente, Alto Valor"
7190,10,17,4306.4800000000005,1,"Recente, Frequente, Alto Valor"
7197,51,9,2671.8,2,"Não Recente, Não Frequente, Baixo Valor"
7229,56,11,2679.74,3,"Recente, Frequente, Alto Valor"
7233,4,10,3175.7,3,"Recente, Frequente, Alto Valor"
7235,18,12,3085.09,3,"Recente, Frequente, Alto Valor"
7238,13,7,1773.88,2,"Não Recente, Não Frequente, Baixo Valor"
7241,14,11,3207.1600000000003,3,"Recente, Frequente, Alto Valor"
7254,11,7,1799.02,2,"Não Recente, Não Frequente, Baixo Valor"
7265,60,8,2764.36,2,"Não Recente, Não Frequente, Baixo Valor"
7269,38,12,2892.91,3,"Recente, Frequente, Alto Valor"
7278,79,12,3132.69,0,"Não Recente, Não Frequente, Baixo Valor"
7283,135,6,1401.51,0,"Não Recente, Não Frequente, Baixo Valor"
7287,1,29,7602.12,1,"Recente, Frequente, Alto Valor"
7288,61,11,3164.47,3,"Recente, Frequente, Alto Valor"
7293,128,6,1697.59,0,"Não Recente, Não Frequente, Baixo Valor"
7295,11,9,1913.06,2,"Não Recente, Não Frequente, Baixo Valor"
7303,1,10,3303.61,3,"Recente, Frequente, Alto Valor"
7313,16,14,3912.11,3,"Recente, Frequente, Alto Valor"
7316,1,18,6023.2,1,"Recente, Frequente, Alto Valor"
7320,30,15,4892.41,1,"Recente, Frequente, Alto Valor"
7327,48,11,3047.83,3,"Recente, Frequente, Alto Valor"
7331,4,12,3034.14,3,"Recente, Frequente, Alto Valor"
7359,13,14,3161.62,3,"Recente, Frequente, Alto Valor"
7371,38,18,4936.21,1,"Recente, Frequente, Alto Valor"
7374,9,13,3638.15,3,"Recente, Frequente, Alto Valor"
7376,22,8,1575.65,2,"Não Recente, Não Frequente, Baixo Valor"
7396,3,17,4872.37,1,"Recente, Frequente, Alto Valor"
7413,107,10,2691.57,0,"Não Recente, Não Frequente, Baixo Valor"
7420,50,6,1240.21,2,"Não Recente, Não Frequente, Baixo Valor"
7439,106,6,1762.36,0,"Não Recente, Não Frequente, Baixo Valor"
7456,31,10,2594.48,2,"Não Recente, Não Frequente, Baixo Valor"
7457,29,8,2399.65,2,"Não Recente, Não Frequente, Baixo Valor"
7469,32,9,2635.57,2,"Não Recente, Não Frequente, Baixo Valor"
7484,2,6,2333.32,2,"Não Recente, Não Frequente, Baixo Valor"
7490,25,12,3112.27,3,"Recente, Frequente, Alto Valor"
7493,95,9,2173.08,0,"Não Recente, Não Frequente, Baixo Valor"
7506,28,14,3413.85,3,"Recente, Frequente, Alto Valor"
7514,22,7,2117.54,2,"Não Recente, Não Frequente, Baixo Valor"
7528,53,6,2020.88,2,"Não Recente, Não Frequente, Baixo Valor"
7530,12,11,3525.53,3,"Recente, Frequente, Alto Valor"
7541,93,13,3908.25,0,"Não Recente, Não Frequente, Baixo Valor"
7544,26,10,2167.14,2,"Não Recente, Não Frequente, Baixo Valor"
7546,20,8,2325.68,2,"Não Recente, Não Frequente, Baixo Valor"
7565,61,9,2725.3,2,"Não Recente, Não Frequente, Baixo Valor"
7585,9,15,4468.54,3,"Recente, Frequente, Alto Valor"
7588,23,13,3897.18,3,"Recente, Frequente, Alto Valor"
7600,21,15,3937.43,3,"Recente, Frequente, Alto Valor"
7614,34,15,2967.54,3,"Recente, Frequente, Alto Valor"
7616,29,10,2249.04,2,"Não Recente, Não Frequente, Baixo Valor"
7617,95,4,931.67,0,"Não Recente, Não Frequente, Baixo Valor"
7619,2,10,2552.76,3,"Recente, Frequente, Alto Valor"
7645,24,7,1658.01,2,"Não Recente, Não Frequente, Baixo Valor"
7655,5,5,1312.71,2,"Não Recente, Não Frequente, Baixo Valor"
7665,84,16,4144.91,3,"Recente, Frequente, Alto Valor"
7668,3,9,2632.74,2,"Não Recente, Não Frequente, Baixo Valor"
7677,12,12,2850.71,3,"Recente, Frequente, Alto Valor"
7694,52,11,2989.86,3,"Recente, Frequente, Alto Valor"
7704,53,8,2570.09,2,"Não Recente, Não Frequente, Baixo Valor"
7709,27,13,3884.0,3,"Recente, Frequente, Alto Valor"
7731,38,11,2593.42,3,"Recente, Frequente, Alto Valor"
7736,12,13,3763.21,3,"Recente, Frequente, Alto Valor"
7738,3,10,3065.55,3,"Recente, Frequente, Alto Valor"
7748,56,9,2752.09,2,"Não Recente, Não Frequente, Baixo Valor"
7767,31,9,2363.31,2,"Não Recente, Não Frequente, Baixo Valor"
7776,21,11,2700.31,3,"Recente, Frequente, Alto Valor"
7777,5,11,3460.53,3,"Recente, Frequente, Alto Valor"
7783,24,7,2105.99,2,"Não Recente, Não Frequente, Baixo Valor"
7799,78,11,3583.84,3,"Recente, Frequente, Alto Valor"
7801,3,8,2398.27,2,"Não Recente, Não Frequente, Baixo Valor"
7806,6,14,4567.26,3,"Recente, Frequente, Alto Valor"
7809,36,12,4021.62,3,"Recente, Frequente, Alto Valor"
7819,50,13,4097.35,3,"Recente, Frequente, Alto Valor"
7833,30,8,2355.0,2,"Não Recente, Não Frequente, Baixo Valor"
7863,83,6,1299.58,0,"Não Recente, Não Frequente, Baixo Valor"
7873,22,9,1997.42,2,"Não Recente, Não Frequente, Baixo Valor"
7881,4,15,3555.52,3,"Recente, Frequente, Alto Valor"
7882,19,7,1652.79,2,"Não Recente, Não Frequente, Baixo Valor"
7891,95,14,3341.95,0,"Não Recente, Não Frequente, Baixo Valor"
7892,28,13,4121.7,3,"Recente, Frequente, Alto Valor"
7893,42,12,2602.17,3,"Recente, Frequente, Alto Valor"
7898,2,15,3813.11,3,"Recente, Frequente, Alto Valor"
7905,52,9,2801.43,2,"Não Recente, Não Frequente, Baixo Valor"
7910,58,9,2354.65,2,"Não Recente, Não Frequente, Baixo Valor"
7937,86,8,2402.87,0,"Não Recente, Não Frequente, Baixo Valor"
7938,2,41,11436.17,1,"Recente, Frequente, Alto Valor"
7941,10,22,5465.04,1,"Recente, Frequente, Alto Valor"
7943,25,17,4854.01,1,"Recente, Frequente, Alto Valor"
7944,32,12,2615.36,3,"Recente, Frequente, Alto Valor"
7949,13,32,10242.38,1,"Recente, Frequente, Alto Valor"
7966,75,7,1857.4,0,"Não Recente, Não Frequente, Baixo Valor"
7970,7,9,2542.63,2,"Não Recente, Não Frequente, Baixo Valor"
7971,33,12,2771.28,3,"Recente, Frequente, Alto Valor"
7981,22,16,4471.3,1,"Recente, Frequente, Alto Valor"
7986,20,8,2694.28,2,"Não Recente, Não Frequente, Baixo Valor"
7988,7,12,2566.99,3,"Recente, Frequente, Alto Valor"
7996,4,13,3225.2200000000003,3,"Recente, Frequente, Alto Valor"
8002,63,6,1017.44,2,"Não Recente, Não Frequente, Baixo Valor"
8004,6,9,1798.91,2,"Não Recente, Não Frequente, Baixo Valor"
8022,59,8,2189.15,2,"Não Recente, Não Frequente, Baixo Valor"
8026,5,10,2777.55,3,"Recente, Frequente, Alto Valor"
8027,14,9,2649.28,2,"Não Recente, Não Frequente, Baixo Valor"
8035,1,12,3817.36,3,"Recente, Frequente, Alto Valor"
8041,17,29,8623.09,1,"Recente, Frequente, Alto Valor"
8043,5,10,2628.2,3,"Recente, Frequente, Alto Valor"
8056,12,11,3399.06,3,"Recente, Frequente, Alto Valor"
8079,7,9,2393.05,2,"Não Recente, Não Frequente, Baixo Valor"
8098,54,9,2504.09,2,"Não Recente, Não Frequente, Baixo Valor"
8099,12,10,2287.32,2,"Não Recente, Não Frequente, Baixo Valor"
8102,22,13,3204.71,3,"Recente, Frequente, Alto Valor"
8112,36,7,1801.5,2,"Não Recente, Não Frequente, Baixo Valor"
8114,33,10,2760.4,3,"Recente, Frequente, Alto Valor"
8125,22,6,2024.5,2,"Não Recente, Não Frequente, Baixo Valor"
8140,10,14,4233.58,3,"Recente, Frequente, Alto Valor"
8147,3,9,1870.24,2,"Não Recente, Não Frequente, Baixo Valor"
8158,62,10,1838.75,2,"Não Recente, Não Frequente, Baixo Valor"
8164,128,4,1103.93,0,"Não Recente, Não Frequente, Baixo Valor"
8186,14,20,5272.43,1,"Recente, Frequente, Alto Valor"
8190,30,8,2472.88,2,"Não Recente, Não Frequente, Baixo Valor"
8192,14,6,1703.78,2,"Não Recente, Não Frequente, Baixo Valor"
8196,53,14,3899.98,3,"Recente, Frequente, Alto Valor"
8206,13,13,2756.08,3,"Recente, Frequente, Alto Valor"
8208,2,10,3201.75,3,"Recente, Frequente, Alto Valor"
8215,39,9,2407.49,2,"Não Recente, Não Frequente, Baixo Valor"
8239,74,8,1972.06,0,"Não Recente, Não Frequente, Baixo Valor"
8240,87,4,1160.56,0,"Não Recente, Não Frequente, Baixo Valor"
8241,34,11,2431.91,3,"Recente, Frequente, Alto Valor"
8245,23,10,3254.06,3,"Recente, Frequente, Alto Valor"
8253,71,7,1787.89,0,"Não Recente, Não Frequente, Baixo Valor"
8266,48,16,4508.03,1,"Recente, Frequente, Alto Valor"
8270,96,4,1293.16,0,"Não Recente, Não Frequente, Baixo Valor"
8280,33,10,1937.46,2,"Não Recente, Não Frequente, Baixo Valor"
8311,97,7,2622.22,0,"Não Recente, Não Frequente, Baixo Valor"
8312,80,11,3848.11,3,"Recente, Frequente, Alto Valor"
8326,33,12,3006.9300000000003,3,"Recente, Frequente, Alto Valor"
8330,46,11,3533.38,3,"Recente, Frequente, Alto Valor"
8339,6,18,4921.71,1,"Recente, Frequente, Alto Valor"
8343,30,8,1640.04,2,"Não Recente, Não Frequente, Baixo Valor"
8350,29,7,2127.61,2,"Não Recente, Não Frequente, Baixo Valor"
8357,106,8,2274.12,0,"Não Recente, Não Frequente, Baixo Valor"
8385,19,18,5142.41,1,"Recente, Frequente, Alto Valor"
8390,13,20,5452.09,1,"Recente, Frequente, Alto Valor"
8392,58,14,3425.48,3,"Recente, Frequente, Alto Valor"
8400,13,19,4180.73,1,"Recente, Frequente, Alto Valor"
8404,4,17,4562.67,1,"Recente, Frequente, Alto Valor"
8408,21,18,4602.36,1,"Recente, Frequente, Alto Valor"
8409,24,10,2817.89,3,"Recente, Frequente, Alto Valor"
8418,19,9,2241.39,2,"Não Recente, Não Frequente, Baixo Valor"
8419,77,13,3359.62,3,"Recente, Frequente, Alto Valor"
8421,21,12,3166.18,3,"Recente, Frequente, Alto Valor"
8449,75,8,1768.92,0,"Não Recente, Não Frequente, Baixo Valor"
8455,32,15,3575.72,3,"Recente, Frequente, Alto Valor"
8483,5,7,1785.04,2,"Não Recente, Não Frequente, Baixo Valor"
8489,34,4,1307.91,2,"Não Recente, Não Frequente, Baixo Valor"
8494,11,12,2896.12,3,"Recente, Frequente, Alto Valor"
8509,85,10,2856.24,0,"Não Recente, Não Frequente, Baixo Valor"
8513,153,3,981.59,0,"Não Recente, Não Frequente, Baixo Valor"
8526,10,11,2604.78,3,"Recente, Frequente, Alto Valor"
8543,70,7,2000.16,0,"Não Recente, Não Frequente, Baixo Valor"
8546,10,12,2710.67,3,"Recente, Frequente, Alto Valor"
8554,14,10,2541.79,2,"Não Recente, Não Frequente, Baixo Valor"
8555,29,10,2723.2,3,"Recente, Frequente, Alto Valor"
8560,19,20,4372.45,1,"Recente, Frequente, Alto Valor"
8561,52,9,2555.6,2,"Não Recente, Não Frequente, Baixo Valor"
8570,125,6,1477.73,0,"Não Recente, Não Frequente, Baixo Valor"
8574,12,12,3467.16,3,"Recente, Frequente, Alto Valor"
8575,5,11,2649.45,3,"Recente, Frequente, Alto Valor"
8576,3,14,4549.59,3,"Recente, Frequente, Alto Valor"
8577,29,9,1514.27,2,"Não Recente, Não Frequente, Baixo Valor"
8587,28,8,2249.38,2,"Não Recente, Não Frequente, Baixo Valor"
8629,92,7,1393.57,0,"Não Recente, Não Frequente, Baixo Valor"
8641,28,12,3647.39,3,"Recente, Frequente, Alto Valor"
8648,68,13,3869.92,3,"Recente, Frequente, Alto Valor"
8651,32,10,3773.5,3,"Recente, Frequente, Alto Valor"
8667,59,10,2942.09,3,"Recente, Frequente, Alto Valor"
8668,2,10,3057.36,3,"Recente, Frequente, Alto Valor"
8673,7,11,3541.19,3,"Recente, Frequente, Alto Valor"
8679,19,9,2564.78,2,"Não Recente, Não Frequente, Baixo Valor"
8683,61,8,2118.25,2,"Não Recente, Não Frequente, Baixo Valor"
8687,83,9,2234.78,0,"Não Recente, Não Frequente, Baixo Valor"
8714,16,7,1476.9299999999998,2,"Não Recente, Não Frequente, Baixo Valor"
8721,57,8,2565.02,2,"Não Recente, Não Frequente, Baixo Valor"
8723,48,8,2156.96,2,"Não Recente, Não Frequente, Baixo Valor"
8730,7,15,3986.15,3,"Recente, Frequente, Alto Valor"
8734,28,17,4535.28,1,"Recente, Frequente, Alto Valor"
8777,23,9,2150.85,2,"Não Recente, Não Frequente, Baixo Valor"
8783,46,10,3035.13,3,"Recente, Frequente, Alto Valor"
8790,61,8,1884.8,2,"Não Recente, Não Frequente, Baixo Valor"
8804,4,10,3020.63,3,"Recente, Frequente, Alto Valor"
8805,4,12,3661.56,3,"Recente, Frequente, Alto Valor"
8806,8,13,2652.29,3,"Recente, Frequente, Alto Valor"
8830,130,6,1612.68,0,"Não Recente, Não Frequente, Baixo Valor"
8849,26,10,2988.32,3,"Recente, Frequente, Alto Valor"
8858,56,5,1718.29,2,"Não Recente, Não Frequente, Baixo Valor"
8860,110,6,1705.52,0,"Não Recente, Não Frequente, Baixo Valor"
8863,18,10,2724.01,3,"Recente, Frequente, Alto Valor"
8869,65,9,2475.91,2,"Não Recente, Não Frequente, Baixo Valor"
8891,29,10,2991.94,3,"Recente, Frequente, Alto Valor"
8892,4,8,2044.07,2,"Não Recente, Não Frequente, Baixo Valor"
8901,19,7,1738.19,2,"Não Recente, Não Frequente, Baixo Valor"
8916,136,5,1334.94,0,"Não Recente, Não Frequente, Baixo Valor"
8939,56,7,1974.57,2,"Não Recente, Não Frequente, Baixo Valor"
8941,49,12,3191.84,3,"Recente, Frequente, Alto Valor"
8943,53,16,3982.58,3,"Recente, Frequente, Alto Valor"
8956,12,12,2853.46,3,"Recente, Frequente, Alto Valor"
8970,23,6,1467.41,2,"Não Recente, Não Frequente, Baixo Valor"
8973,123,7,1783.38,0,"Não Recente, Não Frequente, Baixo Valor"
8984,16,17,4600.58,1,"Recente, Frequente, Alto Valor"
8987,120,4,1128.63,0,"Não Recente, Não Frequente, Baixo Valor"
8989,53,10,2580.36,2,"Não Recente, Não Frequente, Baixo Valor"
8992,39,10,2904.83,3,"Recente, Frequente, Alto Valor"
8994,53,11,2975.75,3,"Recente, Frequente, Alto Valor"
8996,35,9,2123.39,2,"Não Recente, Não Frequente, Baixo Valor"
9002,77,7,759.3299999999999,0,"Não Recente, Não Frequente, Baixo Valor"
9004,58,11,2859.65,3,"Recente, Frequente, Alto Valor"
9006,9,14,3275.83,3,"Recente, Frequente, Alto Valor"
9007,27,7,2235.38,2,"Não Recente, Não Frequente, Baixo Valor"
9010,1,16,4779.23,1,"Recente, Frequente, Alto Valor"
9017,22,12,3685.05,3,"Recente, Frequente, Alto Valor"
9050,6,8,2175.3,2,"Não Recente, Não Frequente, Baixo Valor"
9053,3,8,2281.03,2,"Não Recente, Não Frequente, Baixo Valor"
9058,73,11,3721.09,3,"Recente, Frequente, Alto Valor"
9070,48,10,3290.86,3,"Recente, Frequente, Alto Valor"
9082,23,12,2886.35,3,"Recente, Frequente, Alto Valor"
9096,21,8,3155.86,2,"Não Recente, Não Frequente, Baixo Valor"
9110,117,8,2333.33,0,"Não Recente, Não Frequente, Baixo Valor"
9120,11,19,5891.7,1,"Recente, Frequente, Alto Valor"
9130,2,10,2861.7,3,"Recente, Frequente, Alto Valor"
9135,6,12,4120.0,3,"Recente, Frequente, Alto Valor"
9150,91,12,2580.62,0,"Não Recente, Não Frequente, Baixo Valor"
9152,76,7,1679.15,0,"Não Recente, Não Frequente, Baixo Valor"
9154,8,8,1908.87,2,"Não Recente, Não Frequente, Baixo Valor"
9155,40,6,2121.03,2,"Não Recente, Não Frequente, Baixo Valor"
9162,53,12,2844.07,3,"Recente, Frequente, Alto Valor"
9164,4,11,2861.31,3,"Recente, Frequente, Alto Valor"
9172,3,13,2612.13,3,"Recente, Frequente, Alto Valor"
9173,49,5,1397.05,2,"Não Recente, Não Frequente, Baixo Valor"
9175,50,7,1350.12,2,"Não Recente, Não Frequente, Baixo Valor"
9195,27,10,2333.22,2,"Não Recente, Não Frequente, Baixo Valor"
9208,62,16,3912.99,3,"Recente, Frequente, Alto Valor"
9226,31,11,2773.78,3,"Recente, Frequente, Alto Valor"
9258,23,12,3008.56,3,"Recente, Frequente, Alto Valor"
9306,1,9,2518.94,2,"Não Recente, Não Frequente, Baixo Valor"
9308,53,13,4184.13,3,"Recente, Frequente, Alto Valor"
9311,31,7,1871.48,2,"Não Recente, Não Frequente, Baixo Valor"
9319,17,6,1573.0,2,"Não Recente, Não Frequente, Baixo Valor"
9322,2,6,1201.36,2,"Não Recente, Não Frequente, Baixo Valor"
9335,60,11,1972.27,2,"Não Recente, Não Frequente, Baixo Valor"
9338,17,7,1664.91,2,"Não Recente, Não Frequente, Baixo Valor"
9352,40,9,2932.6,2,"Não Recente, Não Frequente, Baixo Valor"
9389,25,17,4915.31,1,"Recente, Frequente, Alto Valor"
9392,4,15,3599.69,3,"Recente, Frequente, Alto Valor"
9393,17,10,2751.56,3,"Recente, Frequente, Alto Valor"
9415,22,7,2077.25,2,"Não Recente, Não Frequente, Baixo Valor"
9427,20,9,2969.31,3,"Recente, Frequente, Alto Valor"
9433,1,10,2848.08,3,"Recente, Frequente, Alto Valor"
9434,58,6,1223.9499999999998,2,"Não Recente, Não Frequente, Baixo Valor"
9445,28,14,3727.72,3,"Recente, Frequente, Alto Valor"
9472,10,7,1462.36,2,"Não Recente, Não Frequente, Baixo Valor"
9477,104,10,2345.37,0,"Não Recente, Não Frequente, Baixo Valor"
9512,29,9,2324.99,2,"Não Recente, Não Frequente, Baixo Valor"
9527,130,9,2356.98,0,"Não Recente, Não Frequente, Baixo Valor"
9529,105,5,1332.0700000000002,0,"Não Recente, Não Frequente, Baixo Valor"
9533,23,14,3268.46,3,"Recente, Frequente, Alto Valor"
9549,31,4,1598.8,2,"Não Recente, Não Frequente, Baixo Valor"
9554,4,14,4407.81,3,"Recente, Frequente, Alto Valor"
9567,21,10,2069.82,2,"Não Recente, Não Frequente, Baixo Valor"
9571,13,15,4002.76,3,"Recente, Frequente, Alto Valor"
9577,29,13,4599.06,3,"Recente, Frequente, Alto Valor"
9580,6,12,2609.79,3,"Recente, Frequente, Alto Valor"
9609,37,8,2214.4700000000003,2,"Não Recente, Não Frequente, Baixo Valor"
9647,64,5,1478.19,2,"Não Recente, Não Frequente, Baixo Valor"
9659,13,7,1707.66,2,"Não Recente, Não Frequente, Baixo Valor"
9662,22,8,2351.07,2,"Não Recente, Não Frequente, Baixo Valor"
9666,34,26,7489.01,1,"Recente, Frequente, Alto Valor"
9669,15,11,2571.06,3,"Recente, Frequente, Alto Valor"
9680,28,11,3026.73,3,"Recente, Frequente, Alto Valor"
9684,56,8,2416.14,2,"Não Recente, Não Frequente, Baixo Valor"
9691,99,12,3874.06,0,"Não Recente, Não Frequente, Baixo Valor"
9702,1,19,5243.78,1,"Recente, Frequente, Alto Valor"
9716,26,8,2167.12,2,"Não Recente, Não Frequente, Baixo Valor"
9717,31,11,2157.5,2,"Não Recente, Não Frequente, Baixo Valor"
9754,77,12,3394.23,3,"Recente, Frequente, Alto Valor"
9755,78,9,3218.73,0,"Não Recente, Não Frequente, Baixo Valor"
9766,9,14,2997.8,3,"Recente, Frequente, Alto Valor"
9787,11,17,4734.2,1,"Recente, Frequente, Alto Valor"
9792,87,8,2174.51,0,"Não Recente, Não Frequente, Baixo Valor"
9795,32,10,3116.8,3,"Recente, Frequente, Alto Valor"
9800,20,6,1549.98,2,"Não Recente, Não Frequente, Baixo Valor"
9808,2,13,2959.42,3,"Recente, Frequente, Alto Valor"
9815,7,10,2129.86,2,"Não Recente, Não Frequente, Baixo Valor"
9837,4,7,2226.61,2,"Não Recente, Não Frequente, Baixo Valor"
9838,8,15,3819.91,3,"Recente, Frequente, Alto Valor"
9865,5,9,2882.83,3,"Recente, Frequente, Alto Valor"
9867,24,6,1943.54,2,"Não Recente, Não Frequente, Baixo Valor"
9901,92,5,1428.05,0,"Não Recente, Não Frequente, Baixo Valor"
9905,27,26,7379.12,1,"Recente, Frequente, Alto Valor"
9914,11,16,4822.28,1,"Recente, Frequente, Alto Valor"
9915,35,11,3488.81,3,"Recente, Frequente, Alto Valor"
9924,38,8,2577.77,2,"Não Recente, Não Frequente, Baixo Valor"
9932,18,12,3278.21,3,"Recente, Frequente, Alto Valor"
9945,35,9,2972.11,3,"Recente, Frequente, Alto Valor"
9958,40,5,1318.52,2,"Não Recente, Não Frequente, Baixo Valor"
9967,1,7,1808.18,2,"Não Recente, Não Frequente, Baixo Valor"
9989,74,9,2515.31,0,"Não Recente, Não Frequente, Baixo Valor"
9996,34,6,1782.65,2,"Não Recente, Não Frequente, Baixo Valor"
